staff_num,staff_name,staff_phone,staff_fax,staff_email,role_id
1,Ulick Wingfield,1308470967,6116983588,uwingfield0@jigsy.com,R001
2,Ursula Dyson,4477882580,8666782714,udyson1@addtoany.com,R002
3,Modestine Thaller,6377398107,3960808844,mthaller2@google.de,R002
4,Hunfredo McCullock,6720643185,7618460965,hmccullock3@goo.gl,R001
5,Danell Rosander,3093683890,2503882110,drosander4@unesco.org,R004
6,Benedicta Byron,1395622655,4083220414,bbyron5@usda.gov,R003
7,Gaven Haining,8586476420,3083463650,ghaining6@ebay.co.uk,R005
8,Fitzgerald Geratasch,4170014421,9843240782,fgeratasch7@un.org,R003
9,Maxie Petracco,9882474977,3598754922,mpetracco8@spiegel.de,R004
10,Kailey Keasley,6338060702,4935632704,kkeasley9@reddit.com,R005
11,Fonzie Umbers,5973905667,8505702840,fumbersa@vk.com,R001
12,Jard Karolczyk,7562620679,8833811492,jkarolczykb@bizjournals.com,R002
13,Maribelle Szreter,7464664000,206151187,mszreterc@huffingtonpost.com,R002
14,Erinna Cramer,7384743788,1418375691,ecramerd@networksolutions.com,R001
15,Fraze Plowes,1023624257,9150139169,fplowese@globo.com,R004
16,Collen Tanman,9603472492,4646663899,ctanmanf@globo.com,R003
17,Darcey Steptoe,532174682,3028916533,dsteptoeg@wufoo.com,R005
18,Kayle Gellately,545897661,4928159446,kgellatelyh@ucoz.ru,R003
19,Kassie Ramshay,7998780622,2455458032,kramshayi@toplist.cz,R004
20,Jacquetta Wasmuth,424415658,778597768,jwasmuthj@boston.com,R005
21,Rene Meneghelli,5115029278,5570911936,rmeneghellik@sohu.com,R001
22,Miof mela Withull,282726594,9294541894,mmelal@skype.com,R002
23,Sharia Bengle,4494496189,2202047670,sbenglem@mapquest.com,R002
24,Tracee Jenne,9502871324,42730074,tjennen@whitehouse.gov,R001
25,Susannah Borwick,902618113,6925083599,sborwicko@rambler.ru,R004
26,Bobine Heilds,9965146160,573594198,bheildsp@dailymotion.com,R003
27,Arabela Passy,7391434914,2870565194,apassyq@nymag.com,R005
28,Amelina Dellenbroker,4057714103,237356651,adellenbrokerr@weebly.com,R003
29,Kore Hafford,999174592,1207984507,khaffords@merriam-webster.com,R004
30,Sheilah Sayes,7702886528,4536239510,ssayest@amazon.co.jp,R005
31,Nevin Staig,3868273425,5078820256,nstaigu@networkadvertising.org,R001
32,Rorie Rust,6030148060,4333536251,rrustv@indiegogo.com,R002
33,Chaim Van den Hof,2955655511,4656415995,cvanw@gov.uk,R002
34,Gratiana Couch,3312046106,9870075401,gcouchx@auda.org.au,R001
35,Deedee Dunniom,5067569875,7722470467,ddunniomy@spotify.com,R004
36,Carma Herculson,5697375239,7124592607,cherculsonz@eventbrite.com,R003
37,Valentine Dobsons,3015762389,3055210808,vdobsons10@eepurl.com,R005
38,Katinka Salerg,3908957087,9576473306,ksalerg11@cnbc.com,R003
39,Wolf Tupp,2351700988,5591393977,wtupp12@youku.com,R004
40,Maximilian Faustian,3289131009,4007609594,mfaustian13@feedburner.com,R005
